{
	"IcoMoonType": "selection",
	"icons": [
		{
			"icon": {
				"paths": [
					"M800 330c34 52 54 116 54 182 0 188-154 342-342 342v128l-170-172 170-170v128c142 0 256-114 256-256 0-44-12-84-30-120zM512 256c-142 0-256 114-256 256 0 44 10 84 30 120l-62 62c-34-52-54-116-54-182 0-188 154-342 342-342v-128l170 172-170 170v-128z"
				],
				"attrs": [],
				"isMulticolor": false,
				"tags": [
					"autorenew"
				],
				"defaultCode": 59491,
				"grid": 24
			},
			"attrs": [],
			"properties": {
				"order": 4,
				"ligatures": "autorenew",
				"id": 67,
				"prevSize": 24,
				"name": "autorenew",
				"code": 59491
			},
			"setIdx": 0,
			"setId": 1,
			"iconIdx": 67
		},
		{
			"icon": {
				"paths": [
					"M0 854h1024v170h-1024v-170zM884 172l-84 84-160-160 84-84c16-16 44-16 60 0l100 100c16 16 16 44 0 60zM758 298l-428 428h-160v-160l428-428z"
				],
				"attrs": [],
				"isMulticolor": false,
				"tags": [
					"border_color"
				],
				"defaultCode": 57899,
				"grid": 24
			},
			"attrs": [],
			"properties": {
				"order": 12,
				"ligatures": "border_color",
				"id": 92,
				"prevSize": 24,
				"name": "border_color",
				"code": 57899
			},
			"setIdx": 0,
			"setId": 1,
			"iconIdx": 92
		},
		{
			"icon": {
				"paths": [
					"M746 512c36 0 64-28 64-64s-28-64-64-64-64 28-64 64 28 64 64 64zM618 342c36 0 64-28 64-64s-28-64-64-64-64 28-64 64 28 64 64 64zM406 342c36 0 64-28 64-64s-28-64-64-64-64 28-64 64 28 64 64 64zM278 512c36 0 64-28 64-64s-28-64-64-64-64 28-64 64 28 64 64 64zM512 128c212 0 384 154 384 342 0 118-96 212-214 212h-74c-36 0-64 28-64 64 0 16 6 30 16 42s16 28 16 44c0 36-28 64-64 64-212 0-384-172-384-384s172-384 384-384z"
				],
				"attrs": [],
				"isMulticolor": false,
				"tags": [
					"palette"
				],
				"defaultCode": 58378,
				"grid": 24
			},
			"attrs": [],
			"properties": {
				"order": 13,
				"ligatures": "color_lens, palette",
				"id": 169,
				"prevSize": 24,
				"name": "palette",
				"code": 58378
			},
			"setIdx": 0,
			"setId": 1,
			"iconIdx": 169
		},
		{
			"icon": {
				"paths": [
					"M296 810l344-344-82-82-344 344zM884 240c16 16 18 42 0 60l-134 134 82 82-60 60-60-60-382 380h-202v-202l380-382-60-60 60-60 82 82 134-134c16-16 44-16 60 0z"
				],
				"attrs": [],
				"isMulticolor": false,
				"tags": [
					"colorize"
				],
				"defaultCode": 58296,
				"grid": 24
			},
			"attrs": [],
			"properties": {
				"order": 14,
				"ligatures": "colorize",
				"id": 170,
				"prevSize": 24,
				"name": "colorize",
				"code": 58296
			},
			"setIdx": 0,
			"setId": 1,
			"iconIdx": 170
		},
		{
			"icon": {
				"paths": [
					"M810 810v-596h-596v596h596zM810 128c46 0 86 40 86 86v596c0 46-40 86-86 86h-596c-46 0-86-40-86-86v-596c0-46 40-86 86-86h596z"
				],
				"attrs": [],
				"isMulticolor": false,
				"tags": [
					"crop_din"
				],
				"defaultCode": 58305,
				"grid": 24
			},
			"attrs": [],
			"properties": {
				"order": 17,
				"ligatures": "crop_din",
				"id": 192,
				"prevSize": 24,
				"name": "crop_din",
				"code": 58305
			},
			"setIdx": 0,
			"setId": 1,
			"iconIdx": 192
		},
		{
			"icon": {
				"paths": [
					"M810 170v86h-596v-86h148l44-42h212l44 42h148zM256 810v-512h512v512c0 46-40 86-86 86h-340c-46 0-86-40-86-86z"
				],
				"attrs": [],
				"isMulticolor": false,
				"tags": [
					"delete"
				],
				"defaultCode": 59506,
				"grid": 24
			},
			"attrs": [],
			"properties": {
				"order": 1,
				"ligatures": "delete",
				"id": 202,
				"prevSize": 24,
				"name": "delete",
				"code": 59506
			},
			"setIdx": 0,
			"setId": 1,
			"iconIdx": 202
		},
		{
			"icon": {
				"paths": [
					"M768 170h128v342h-342v384c0 24-18 42-42 42h-86c-24 0-42-18-42-42v-470h426v-170h-42v42c0 24-18 44-42 44h-512c-24 0-44-20-44-44v-170c0-24 20-42 44-42h512c24 0 42 18 42 42v42z"
				],
				"attrs": [],
				"isMulticolor": false,
				"tags": [
					"format_paint"
				],
				"defaultCode": 57923,
				"grid": 24
			},
			"attrs": [],
			"properties": {
				"order": 15,
				"ligatures": "format_paint",
				"id": 335,
				"prevSize": 24,
				"name": "format_paint",
				"code": 57923
			},
			"setIdx": 0,
			"setId": 1,
			"iconIdx": 335
		},
		{
			"icon": {
				"paths": [
					"M490 384c0-58 50-106 108-106s106 48 106 106-48 106-106 106-108-48-108-106zM326 112c-70 70-112 166-112 272s42 202 112 272l-60 60c-84-84-138-202-138-332s54-248 138-332zM726 854c46 0 84-40 84-86h86c0 94-76 170-170 170-24 0-48-4-70-14-58-30-92-74-118-152-14-42-38-62-72-88-38-28-84-64-122-134-30-54-46-112-46-166 0-168 132-298 300-298s298 130 298 298h-86c0-120-92-214-212-214s-214 94-214 214c0 40 12 86 34 126 30 56 66 82 100 108 40 30 80 62 102 128 22 64 42 84 72 100 8 4 22 8 34 8z"
				],
				"attrs": [],
				"isMulticolor": false,
				"tags": [
					"hearing"
				],
				"defaultCode": 57379,
				"grid": 24
			},
			"attrs": [],
			"properties": {
				"order": 7,
				"ligatures": "hearing",
				"id": 379,
				"prevSize": 24,
				"name": "hearing",
				"code": 57379
			},
			"setIdx": 0,
			"setId": 1,
			"iconIdx": 379
		},
		{
			"icon": {
				"paths": [
					"M512 86c236 0 426 190 426 426s-190 426-426 426-426-190-426-426 190-426 426-426z"
				],
				"attrs": [],
				"isMulticolor": false,
				"tags": [
					"lens"
				],
				"defaultCode": 58362,
				"grid": 24
			},
			"attrs": [],
			"properties": {
				"order": 16,
				"ligatures": "lens",
				"id": 434,
				"prevSize": 24,
				"name": "lens",
				"code": 58362
			},
			"setIdx": 0,
			"setId": 1,
			"iconIdx": 434
		},
		{
			"icon": {
				"paths": [
					"M832 406c58 0 106 48 106 106s-48 106-106 106c-44 0-82-26-98-64h-124c-16 38-54 64-98 64s-82-26-98-64h-124c-16 38-54 64-98 64-58 0-106-48-106-106s48-106 106-106c44 0 82 26 98 64h124c16-38 54-64 98-64s82 26 98 64h124c16-38 54-64 98-64z"
				],
				"attrs": [],
				"isMulticolor": false,
				"tags": [
					"linear_scale"
				],
				"defaultCode": 57952,
				"grid": 24
			},
			"attrs": [],
			"properties": {
				"order": 8,
				"ligatures": "linear_scale",
				"id": 440,
				"prevSize": 24,
				"name": "linear_scale",
				"code": 57952
			},
			"setIdx": 0,
			"setId": 1,
			"iconIdx": 440
		},
		{
			"icon": {
				"paths": [
					"M598 640v128h128l-214 214-214-214h128v-128h172zM982 512l-214 214v-128h-128v-172h128v-128zM384 426v172h-128v128l-214-214 214-214v128h128zM426 384v-128h-128l214-214 214 214h-128v128h-172z"
				],
				"attrs": [],
				"isMulticolor": false,
				"tags": [
					"open_with"
				],
				"defaultCode": 59551,
				"grid": 24
			},
			"attrs": [],
			"properties": {
				"order": 3,
				"ligatures": "open_with",
				"id": 535,
				"prevSize": 24,
				"name": "open_with",
				"code": 59551
			},
			"setIdx": 0,
			"setId": 1,
			"iconIdx": 535
		},
		{
			"icon": {
				"paths": [
					"M512 854c188 0 342-154 342-342s-154-342-342-342-342 154-342 342 154 342 342 342zM512 86c236 0 426 190 426 426s-190 426-426 426-426-190-426-426 190-426 426-426z"
				],
				"attrs": [],
				"isMulticolor": false,
				"tags": [
					"radio_button_unchecked"
				],
				"defaultCode": 59446,
				"grid": 24
			},
			"attrs": [],
			"properties": {
				"order": 6,
				"ligatures": "panorama_fish_eye, radio_button_unchecked",
				"id": 540,
				"prevSize": 24,
				"name": "radio_button_unchecked",
				"code": 59446
			},
			"setIdx": 0,
			"setId": 1,
			"iconIdx": 540
		},
		{
			"icon": {
				"paths": [
					"M512 854c188 0 342-154 342-342s-154-342-342-342-342 154-342 342 154 342 342 342zM512 86c236 0 426 190 426 426s-190 426-426 426-426-190-426-426 190-426 426-426zM512 298c118 0 214 96 214 214s-96 214-214 214-214-96-214-214 96-214 214-214z"
				],
				"attrs": [],
				"isMulticolor": false,
				"tags": [
					"radio_button_checked"
				],
				"defaultCode": 59447,
				"grid": 24
			},
			"attrs": [],
			"properties": {
				"order": 5,
				"ligatures": "radio_button_checked",
				"id": 610,
				"prevSize": 24,
				"name": "radio_button_checked",
				"code": 59447
			},
			"setIdx": 0,
			"setId": 1,
			"iconIdx": 610
		},
		{
			"icon": {
				"paths": [
					"M896 342v212h-86v-212c0-70-58-128-128-128h-212v-86h212c118 0 214 96 214 214zM128 896v-86h86v86h-86zM298 896v-86h86v86h-86zM470 896v-86h84v86h-84zM298 214v-86h86v86h-86zM128 214v-86h86v86h-86zM128 384v-86h86v86h-86zM128 726v-86h86v86h-86zM128 554v-84h86v84h-86zM810 726v-86h86v86h-86zM810 810h86v86h-86v-86z"
				],
				"attrs": [],
				"isMulticolor": false,
				"tags": [
					"rounded_corner"
				],
				"defaultCode": 59680,
				"grid": 24
			},
			"attrs": [],
			"properties": {
				"order": 10,
				"ligatures": "rounded_corner",
				"id": 640,
				"prevSize": 24,
				"name": "rounded_corner",
				"code": 59680
			},
			"setIdx": 0,
			"setId": 1,
			"iconIdx": 640
		},
		{
			"icon": {
				"paths": [
					"M396 896l500-500v122l-378 378h-122zM896 810c0 45.948-40.071 86-86 86h-84l170-170v84zM214 128h84l-170 170v-84c0-46 40-86 86-86zM506 128h122l-500 500v-122zM832 132c30 8 54 30 62 60l-702 700c-29.35-8.386-51.612-30.641-60-60z"
				],
				"attrs": [],
				"isMulticolor": false,
				"tags": [
					"texture"
				],
				"defaultCode": 58401,
				"grid": 24
			},
			"attrs": [],
			"properties": {
				"order": 11,
				"ligatures": "texture",
				"id": 754,
				"prevSize": 24,
				"name": "texture",
				"code": 58401
			},
			"setIdx": 0,
			"setId": 1,
			"iconIdx": 754
		},
		{
			"icon": {
				"paths": [
					"M938 512l-170 170v-128h-640v-84h640v-128z"
				],
				"attrs": [],
				"isMulticolor": false,
				"tags": [
					"trending_flat"
				],
				"defaultCode": 59620,
				"grid": 24
			},
			"attrs": [],
			"properties": {
				"order": 9,
				"ligatures": "trending_flat",
				"id": 779,
				"prevSize": 24,
				"name": "trending_flat",
				"code": 59620
			},
			"setIdx": 0,
			"setId": 1,
			"iconIdx": 779
		}
	],
	"height": 1024,
	"metadata": {
		"name": "icomoon"
	},
	"preferences": {
		"showGlyphs": true,
		"showQuickUse": true,
		"showQuickUse2": true,
		"showSVGs": true,
		"fontPref": {
			"prefix": "icon-",
			"metadata": {
				"fontFamily": "icomoon"
			},
			"metrics": {
				"emSize": 1024,
				"baseline": 6.25,
				"whitespace": 50
			},
			"embed": false
		},
		"imagePref": {
			"prefix": "icon-",
			"png": true,
			"useClassSelector": true,
			"color": 0,
			"bgColor": 16777215,
			"classSelector": ".icon"
		},
		"historySize": 100,
		"showCodes": true,
		"gridSize": 16
	}
}